day_type,no_show_rate
Weekday,0.2851879657435213
Weekend,0.2903225806451613
