month,no_show_rate
04,0.2754353803849679
05,0.2939482367301787
06,0.25994465582843307
