sms_reminder,total,no_show_rate
0,36477,0.2943772788332374
1,35482,0.27574544839637
