gender,total,no_show_rate
F,48070,0.2844601622633659
M,23889,0.2866591318179915
