month,no_show_rate
2016-04,0.2754353803849679
2016-05,0.2939482367301787
2016-06,0.25994465582843307
