day_of_week,no_show_rate
1,0.3021054797339003
2,0.28666018709755803
3,0.271473832433701
4,0.2726710816777042
5,0.29354426334292105
6,0.2903225806451613
