sms_reminder,chronic_conditions,no_show_rate
0,0,0.309185878962536
0,1,0.24332106862901937
0,2,0.2570965125709651
1,0,0.2883244048674921
1,1,0.22837434750186428
1,2,0.22371828068358363
