hypertension_no_show_rate,diabetes_no_show_rate,alcoholism_no_show_rate,disability_no_show_rate
0.23523150612027674,0.24958155105077182,0.340834248079034,0.25063291139240507
