financial_assistance,total,no_show_rate
0,65288,0.2785963729935057
1,6671,0.34972268025783243
