chronic_conditions,total,no_show_rate
0,55947,0.29867553220011794
1,11615,0.23641842445114078
2,4397,0.24243802592676825
